{"facts_ingested": 250000, "surge_rate": 500000.0, "avg_surprise": 0.016080743707684184, "storage_gb": 0.48828125, "cloud_snapshots": 5, "guardian_status": "ACTIVE"}