{
    "scale": 10000000,
    "population_time": 16.8056480884552,
    "memory_mb": 2952.796875,
    "latency_ms": 3844.1319465637207,
    "efficiency_bytes_per_node": 309.6231936
}